seed,testBestMSE,testMedianMSE,smallestConstant,highestConstant,minDepth,maxDepth,fullGrow,grow,popSize,localSearchGens,perturbGens,cycles,tournamentSize,prematureLeafProbability,mutationRate,crossoverRate,tuneConstantProbability,parsimonyPressure,freezeElitePercent,runtimeS,bestIndividual,hitsPerGen
1001600_canonical0,0.011873579,0.012684331,-2,2,3,7,60,60,600,10,2,5,3,0.25,0.35,0.7,0.5,1.00000000e-06,0.3,223.24838,"ADD( MUL( ADD( ADD( SQUARE( SUB( x1,DIV( MUL( SQUARE( DIV( SQUARE( ADD( -1.248249,x0 ) ),0.496763 ) ),SQUARE( x4 ) ),SUB( -1.565332,x0 ) ) ) ),ADD( DIV( SUB( x3,x0 ),x0 ),MUL( x0,ADD( x2,1.236562 ) ) ) ),ADD( x4,x2 ) ),MUL( x0,0.180911 ) ),ADD( SQUARE( DIV( x2,ADD( ADD( SUB( DIV( SQUARE( x3 ),0.955133 ),-1.048366 ),ADD( x2,x2 ) ),1.284068 ) ) ),SQUARE( 0.496763 ) ) )",[ 0 0 0 0 0 0 0 0 0 0 0 1 5 11 17 17 26 29 52 77 108 181 263 325 368 397 420 408 412 385 375 402 411 421 431 444 440 450 439 432 423 414 431 437 420 410 402 404 393 386 406 417 412 426 416 ]
1001_600_SB1,0.011238838,0.012003389,-2,2,3,7,60,60,600,10,2,5,3,0.25,0.35,0.7,0.5,1.00000000e-06,0.3,216.24869,"SUB( x1,DIV( MUL( SQUARE( SQUARE( -0.774752 ) ),SUB( MUL( SUB( DIV( 0.975782,x3 ),ADD( x6,ADD( x3,MUL( -1.869381,x1 ) ) ) ),DIV( x1,DIV( 0.693306,x3 ) ) ),ADD( ADD( x2,MUL( -1.993349,x1 ) ),ADD( ADD( 0.162403,x5 ),x0 ) ) ) ),ADD( x0,DIV( 0.975782,0.693306 ) ) ) )",[ 0 0 0 0 0 0 0 0 0 0 0 1 3 7 14 24 31 46 69 98 129 161 197 226 276 306 332 310 342 325 343 370 373 364 400 397 392 406 413 403 423 423 409 414 424 396 389 405 396 394 409 375 428 428 427 404 420 424 ]
1001450_canonical2,0.012338287,0.012901923,-2,2,3,7,45,45,450,10,2,5,3,0.25,0.35,0.7,0.5,1.00000000e-06,0.3,80.16577,"ADD( 0.338175,ADD( MUL( ADD( 0.338175,ADD( MUL( x0,-0.284268 ),MUL( ADD( 0.338175,ADD( MUL( ADD( 0.338175,ADD( MUL( ADD( x0,ADD( ADD( x2,-0.047302 ),ADD( x0,x4 ) ) ),SUB( x4,x0 ) ),MUL( x2,x1 ) ) ),-0.284268 ),MUL( x2,ADD( x2,ADD( MUL( x1,-0.284268 ),MUL( x2,x0 ) ) ) ) ) ),ADD( 0.338175,ADD( MUL( ADD( 0.338175,ADD( MUL( ADD( x0,ADD( ADD( x2,-0.047302 ),MUL( x4,x0 ) ) ),SUB( x4,x0 ) ),MUL( x2,x1 ) ) ),-0.284268 ),MUL( x2,ADD( 0.338175,ADD( MUL( x1,-0.284268 ),MUL( x2,x0 ) ) ) ) ) ) ) ) ),-0.284268 ),MUL( x2,x0 ) ) )",[ 0 0 0 0 0 0 0 0 1 2 2 4 6 7 11 15 14 24 24 30 33 27 37 35 42 62 66 71 107 133 154 192 212 226 274 296 296 310 320 333 333 344 338 340 337 327 368 357 346 348 349 375 361 379 373 ]
1001_450_SB3,0.012359296,0.01274314,-2,2,3,7,45,45,450,10,2,5,3,0.25,0.35,0.7,0.5,1.00000000e-06,0.3,64.087,"ADD( 0.338175,ADD( MUL( ADD( ADD( 0.338175,MUL( MUL( ADD( -0.284268,1.929420 ),SUB( x2,x3 ) ),x0 ) ),MUL( x0,MUL( MUL( MUL( ADD( ADD( 0.338175,ADD( 0.338175,MUL( MUL( ADD( x0,2.355620 ),SUB( x2,x3 ) ),MUL( x2,x0 ) ) ) ),2.227373 ),MUL( MUL( x2,x0 ),x0 ) ),SQUARE( x0 ) ),ADD( 0.338175,ADD( MUL( ADD( ADD( 0.338175,MUL( MUL( ADD( -0.284268,1.929420 ),SUB( x2,x3 ) ),x0 ) ),MUL( x0,MUL( MUL( MUL( ADD( ADD( 0.338175,ADD( 0.338175,MUL( MUL( x2,x0 ),MUL( x2,x0 ) ) ) ),2.227373 ),MUL( MUL( x2,x0 ),MUL( x2,MUL( x0,x0 ) ) ) ),SQUARE( x0 ) ),x0 ) ) ),-0.284268 ),MUL( x2,x0 ) ) ) ) ) ),-0.284268 ),MUL( x2,x0 ) ) )",[ 0 0 0 0 0 0 0 0 1 2 2 5 4 7 11 16 28 37 39 42 39 33 39 62 50 59 59 60 67 76 107 103 130 138 167 190 210 230 263 259 273 284 295 314 312 315 314 328 322 341 330 358 336 347 354 343 338 343 ]
1001300_canonical4,0.012237145,0.012620877,-2,2,3,7,30,30,300,10,2,5,3,0.25,0.35,0.7,0.5,1.00000000e-06,0.3,61.79999,"ADD( 0.530496,ADD( ADD( -0.522072,0.226212 ),MUL( ADD( ADD( -0.364439,ADD( 0.530496,ADD( ADD( ADD( -0.522072,0.226212 ),MUL( ADD( ADD( -0.364439,ADD( 0.530496,ADD( ADD( -0.522072,x2 ),MUL( x0,x1 ) ) ) ),ADD( 0.530496,ADD( ADD( ADD( -0.522072,MUL( 0.226212,x6 ) ),0.226212 ),MUL( 0.530496,ADD( -0.522072,0.226212 ) ) ) ) ),ADD( 0.530496,ADD( ADD( -0.522072,0.226212 ),0.226212 ) ) ) ),MUL( x0,x1 ) ) ) ),ADD( 0.530496,ADD( ADD( ADD( -0.522072,MUL( 0.226212,x6 ) ),0.226212 ),MUL( 0.530496,ADD( -0.522072,0.226212 ) ) ) ) ),ADD( 0.530496,ADD( ADD( -0.522072,0.226212 ),0.226212 ) ) ) ) )",[ 0 0 0 1 4 11 12 14 17 15 11 8 18 28 29 16 20 23 25 27 27 22 34 34 32 35 35 40 44 53 43 43 51 53 58 74 92 112 124 141 135 148 155 175 182 183 213 209 193 201 204 201 198 205 187 ]
1001_300_SB5,0.012560565,0.013344616,-2,2,3,7,30,30,300,10,2,5,3,0.25,0.35,0.7,0.5,1.00000000e-06,0.3,51.99665,"SUB( SUB( ADD( 0.530496,ADD( ADD( -0.522072,0.226212 ),MUL( x0,x1 ) ) ),MUL( SQUARE( SUB( 0.454087,x0 ) ),x0 ) ),MUL( SQUARE( MUL( ADD( x0,x1 ),ADD( -0.857696,0.226212 ) ) ),MUL( DIV( DIV( x0,x1 ),SUB( SUB( ADD( 0.530496,ADD( ADD( SQUARE( x1 ),0.226212 ),MUL( 0.530496,x1 ) ) ),MUL( SQUARE( 0.454087 ),x0 ) ),MUL( SQUARE( SUB( SUB( x4,0.226212 ),x1 ) ),MUL( SQUARE( x1 ),SQUARE( x0 ) ) ) ) ),MUL( x1,SUB( x1,x3 ) ) ) ) )",[ 0 0 0 1 4 11 12 14 17 15 11 14 18 13 14 17 23 19 22 14 10 9 18 20 24 27 21 21 30 38 54 75 100 117 150 174 185 190 195 174 177 189 169 184 184 188 193 182 191 190 214 209 214 223 206 220 213 206 ]
1002600_canonical6,0.012639171,0.015737229,-2,2,3,7,60,60,600,10,2,5,3,0.25,0.35,0.7,0.5,1.00000000e-06,0.3,48.5836,"MUL( ADD( x0,MUL( MUL( ADD( x0,SUB( -1.667626,x4 ) ),MUL( -0.612235,MUL( ADD( x3,x0 ),MUL( -0.612235,-0.801857 ) ) ) ),SUB( SQUARE( 1.205699 ),x0 ) ) ),MUL( -0.612235,-0.801857 ) )",[ 0 0 0 0 1 2 1 3 1 2 3 3 2 4 8 10 8 11 20 15 13 21 20 18 28 31 24 26 15 9 14 14 15 10 19 23 24 26 32 40 38 47 51 60 70 69 60 62 77 80 102 123 153 186 257 ]
1002_600_SB7,0.012989109,0.013251423,-2,2,3,7,60,60,600,10,2,5,3,0.25,0.35,0.7,0.5,1.00000000e-06,0.3,123.73126,"ADD( MUL( MUL( SUB( x6,1.502167 ),DIV( SUB( x6,x0 ),MUL( 1.918159,-0.960381 ) ) ),x6 ),ADD( MUL( MUL( x0,SUB( x0,x3 ) ),DIV( MUL( -0.982293,x6 ),ADD( SQUARE( x6 ),x1 ) ) ),x0 ) )",[ 0 0 0 0 1 2 1 3 1 2 3 3 3 3 7 8 6 5 4 7 5 6 10 8 10 8 8 9 9 11 21 24 39 64 108 157 232 322 381 389 404 403 415 393 425 444 445 463 453 468 457 440 439 458 452 433 424 454 ]
1002450_canonical8,0.011545453,0.01243058,-2,2,3,7,45,45,450,10,2,5,3,0.25,0.35,0.7,0.5,1.00000000e-06,0.3,173.62593,"DIV( SUB( ADD( SUB( DIV( -0.402621,-0.826692 ),MUL( x3,-1.947062 ) ),MUL( SQUARE( -1.357137 ),ADD( x1,DIV( SQUARE( MUL( -0.007305,DIV( DIV( MUL( -0.844901,SUB( DIV( x2,x1 ),DIV( x4,-0.981864 ) ) ),SQUARE( DIV( -0.844901,x0 ) ) ),SQUARE( SUB( ADD( SUB( DIV( -0.402621,-0.826692 ),DIV( SQUARE( MUL( -0.007305,DIV( MUL( SUB( 0.263948,0.967223 ),SUB( SQUARE( -0.937033 ),SQUARE( x2 ) ) ),SQUARE( DIV( -0.844901,x0 ) ) ) ) ),SUB( MUL( MUL( x3,-1.947062 ),1.755814 ),x6 ) ) ),MUL( SQUARE( -1.357137 ),ADD( x1,DIV( SQUARE( MUL( -0.007305,x6 ) ),SUB( SQUARE( -1.947062 ),-0.920896 ) ) ) ) ),DIV( MUL( -0.937033,SUB( DIV( x2,x1 ),DIV( x4,-0.981864 ) ) ),SQUARE( DIV( -0.844901,x0 ) ) ) ) ) ) ) ),SUB( MUL( -0.007305,1.755814 ),x6 ) ) ) ) ),DIV( MUL( -0.937033,SUB( DIV( x2,x1 ),DIV( x4,MUL( x3,-1.947062 ) ) ) ),SQUARE( DIV( -0.844901,x0 ) ) ) ),ADD( ADD( SQUARE( x3 ),ADD( ADD( 1.619317,-0.160146 ),SQUARE( 1.897617 ) ) ),ADD( MUL( -0.402621,DIV( SQUARE( MUL( -0.007305,x6 ) ),-0.844901 ) ),SUB( SQUARE( -0.937033 ),SQUARE( x6 ) ) ) ) )",[ 0 0 0 1 4 7 13 22 34 44 63 82 104 144 183 214 235 253 279 294 315 297 291 300 280 296 272 260 258 278 288 307 280 293 293 281 291 272 265 280 271 285 286 289 286 280 260 268 287 295 294 292 262 271 279 ]
1002_450_SB9,0.01122526,0.011600777,-2,2,3,7,45,45,450,10,2,5,3,0.25,0.35,0.7,0.5,1.00000000e-06,0.3,187.45558,"DIV( SUB( ADD( SUB( DIV( -0.402621,-0.826692 ),MUL( x3,-0.340557 ) ),MUL( SQUARE( -1.357137 ),ADD( x4,x2 ) ) ),DIV( MUL( SUB( MUL( DIV( x2,x1 ),DIV( -0.844901,-0.056827 ) ),-1.866747 ),SQUARE( -1.319262 ) ),SQUARE( DIV( -0.844901,-0.056827 ) ) ) ),ADD( ADD( DIV( SQUARE( -0.658553 ),SUB( x6,-0.601495 ) ),SUB( DIV( x4,x0 ),SUB( -1.866747,1.029579 ) ) ),ADD( MUL( SUB( DIV( -0.402621,-0.826692 ),MUL( x3,-1.947062 ) ),SUB( x2,x1 ) ),SUB( SQUARE( -0.937033 ),SQUARE( -0.658553 ) ) ) ) )",[ 0 0 0 1 4 7 13 22 34 44 63 84 112 149 183 240 223 222 233 247 254 247 261 259 253 260 255 246 243 263 283 301 291 288 286 296 300 320 317 309 301 288 298 285 301 294 278 281 294 310 309 306 319 303 299 302 335 300 ]
1002300_canonical10,0.012727411,0.013377487,-2,2,3,7,30,30,300,10,2,5,3,0.25,0.35,0.7,0.5,1.00000000e-06,0.3,40.24463,"ADD( MUL( MUL( x0,SUB( x0,x0 ) ),x0 ),ADD( MUL( SQUARE( 0.749891 ),SUB( ADD( SQUARE( SQUARE( 0.694531 ) ),DIV( ADD( MUL( SQUARE( MUL( SQUARE( 0.694531 ),ADD( MUL( SQUARE( SQUARE( 0.694531 ) ),SUB( 0.749891,x3 ) ),MUL( SUB( 0.749891,SQUARE( x5 ) ),x5 ) ) ) ),x0 ),MUL( SUB( ADD( 0.749891,MUL( SUB( ADD( 0.749891,x0 ),x0 ),x5 ) ),SQUARE( x5 ) ),x5 ) ),DIV( 1.009630,x3 ) ) ),x0 ) ),x0 ) )",[ 0 0 1 1 3 2 2 3 4 5 5 4 4 6 7 8 11 17 18 26 29 42 45 55 55 51 61 63 61 88 116 135 131 145 151 135 133 170 188 203 198 203 198 207 208 203 221 218 220 218 219 226 235 223 207 ]
1002_300_SB11,0.013693979,0.014033147,-2,2,3,7,30,30,300,10,2,5,3,0.25,0.35,0.7,0.5,1.00000000e-06,0.3,39.2248,"ADD( MUL( DIV( ADD( 1.009630,MUL( SUB( ADD( x5,1.175163 ),DIV( SUB( DIV( x1,DIV( 1.009630,x0 ) ),SQUARE( SUB( ADD( 1.009630,MUL( SUB( ADD( 1.009630,x5 ),SQUARE( ADD( MUL( -0.029337,MUL( DIV( 1.009630,ADD( MUL( DIV( SUB( ADD( 1.009630,MUL( SUB( ADD( 1.009630,ADD( MUL( -0.029337,MUL( SUB( MUL( 0.448156,SUB( x1,x0 ) ),x0 ),-0.029337 ) ),x0 ) ),SQUARE( x5 ) ),x5 ) ),SQUARE( x5 ) ),DIV( 1.175163,0.448156 ) ),SUB( x1,x0 ) ),x0 ) ),x5 ) ),x0 ) ) ),x5 ) ),SQUARE( x1 ) ) ) ),DIV( 1.009630,0.448156 ) ) ),x5 ) ),DIV( 1.009630,0.448156 ) ),SQUARE( SQUARE( 0.448156 ) ) ),ADD( SQUARE( 0.448156 ),DIV( x1,DIV( 1.009630,x0 ) ) ) )",[ 0 0 1 1 3 2 2 3 4 5 5 6 7 7 8 5 7 12 23 28 48 67 76 118 136 134 168 169 168 159 152 146 152 168 181 174 181 182 205 205 194 199 216 200 183 208 223 220 221 217 192 221 210 216 201 214 215 203 ]
1003600_canonical12,0.012133999,0.012491931,-2,2,3,7,60,60,600,10,2,5,3,0.25,0.35,0.7,0.5,1.00000000e-06,0.3,113.12505,"MUL( MUL( 0.436704,1.189324 ),ADD( MUL( MUL( 0.436704,1.189324 ),ADD( SUB( x4,MUL( SUB( ADD( SUB( 1.874621,MUL( MUL( 1.092636,1.144290 ),DIV( SQUARE( ADD( SUB( SUB( 1.649227,MUL( x1,-0.245095 ) ),x5 ),MUL( x5,ADD( 0.436704,-0.245095 ) ) ) ),MUL( x1,-0.852532 ) ) ) ),SQUARE( x4 ) ),-1.812450 ),SQUARE( MUL( MUL( 0.436704,1.092636 ),ADD( x2,-0.245095 ) ) ) ) ),x0 ) ),x2 ) )",[ 0 0 0 2 1 1 3 2 2 2 3 5 5 7 10 11 11 11 12 12 8 12 19 13 22 44 86 164 245 324 361 394 368 382 392 390 379 389 414 440 453 450 454 463 446 429 432 426 436 438 434 421 413 416 397 ]
1003_600_SB13,0.011463443,0.012017336,-2,2,3,7,60,60,600,10,2,5,3,0.25,0.35,0.7,0.5,1.00000000e-06,0.3,121.65335,"MUL( MUL( 0.436704,1.189324 ),ADD( MUL( MUL( 0.436704,1.092636 ),ADD( MUL( MUL( 0.436704,1.144290 ),ADD( SUB( x4,MUL( SUB( x5,MUL( MUL( 0.436704,1.092636 ),x4 ) ),SQUARE( MUL( MUL( MUL( x6,MUL( MUL( 1.092636,1.092636 ),ADD( x2,-0.245095 ) ) ),1.092636 ),ADD( x2,-0.245095 ) ) ) ) ),x6 ) ),x2 ) ),MUL( MUL( 0.436704,1.189324 ),ADD( MUL( MUL( 0.436704,1.092636 ),ADD( MUL( MUL( 0.436704,1.092636 ),ADD( SUB( SUB( x4,MUL( ADD( 1.612081,MUL( SQUARE( MUL( DIV( SUB( x4,MUL( x4,0.436704 ) ),SUB( ADD( SUB( 1.874621,x5 ),x4 ),1.189324 ) ),SQUARE( MUL( x6,x0 ) ) ) ),1.092636 ) ),SQUARE( MUL( x6,MUL( MUL( 0.436704,1.092636 ),ADD( SUB( x4,MUL( MUL( MUL( 0.436704,1.092636 ),ADD( x2,-0.245095 ) ),1.189324 ) ),x6 ) ) ) ) ) ),ADD( x2,-0.245095 ) ),x6 ) ),x5 ) ),x0 ) ) ) )",[ 0 0 0 2 1 1 3 2 2 2 3 5 5 7 10 11 11 11 12 12 8 12 19 13 23 49 99 190 263 370 366 357 349 361 373 408 410 409 441 446 437 439 434 431 409 419 415 410 420 402 417 441 433 437 428 447 434 445 ]
1003450_canonical14,0.015196234,0.017965026,-2,2,3,7,45,45,450,10,2,5,3,0.25,0.35,0.7,0.5,1.00000000e-06,0.3,41.62075,"DIV( ADD( DIV( SQUARE( -0.226330 ),MUL( ADD( DIV( SQUARE( ADD( MUL( x0,-0.218635 ),MUL( x5,SQUARE( -1.886840 ) ) ) ),MUL( SQUARE( -1.909774 ),DIV( SQUARE( ADD( DIV( x0,x5 ),x0 ) ),SQUARE( SQUARE( SQUARE( -0.418148 ) ) ) ) ) ),x0 ),DIV( DIV( x0,x0 ),x1 ) ) ),DIV( ADD( DIV( SQUARE( ADD( MUL( x2,-0.218635 ),x0 ) ),MUL( SQUARE( -1.909774 ),DIV( -1.154622,SQUARE( -0.453055 ) ) ) ),x0 ),1.035933 ) ),1.035933 )",[ 0 0 0 0 0 0 0 0 0 0 0 0 0 0 0 0 0 0 0 0 0 0 0 0 0 0 0 0 0 0 0 0 0 0 0 0 0 0 0 0 1 3 3 5 3 4 2 2 5 6 8 7 6 13 19 ]
1003_450_SB15,0.015379773,0.017070801,-2,2,3,7,45,45,450,10,2,5,3,0.25,0.35,0.7,0.5,1.00000000e-06,0.3,48.75394,"DIV( ADD( DIV( SQUARE( x1 ),MUL( ADD( DIV( SQUARE( x1 ),MUL( DIV( ADD( DIV( SQUARE( SQUARE( SQUARE( 0.438573 ) ) ),MUL( SQUARE( x1 ),DIV( DIV( DIV( x0,x0 ),x5 ),MUL( x0,DIV( DIV( DIV( x0,DIV( ADD( DIV( SQUARE( SQUARE( SQUARE( 0.438573 ) ) ),MUL( SQUARE( x1 ),DIV( DIV( DIV( x0,x0 ),x5 ),SQUARE( x5 ) ) ) ),x0 ),1.035933 ) ),x5 ),SQUARE( -0.453055 ) ) ) ) ) ),x0 ),x2 ),DIV( DIV( MUL( SQUARE( -1.886840 ),SQUARE( x1 ) ),x5 ),SQUARE( -0.453055 ) ) ) ),x0 ),DIV( DIV( DIV( x0,0.279575 ),x5 ),SQUARE( -0.453055 ) ) ) ),DIV( x0,1.035933 ) ),1.035933 )",[ 0 0 0 0 0 0 0 0 0 0 0 0 0 0 0 0 0 0 0 0 0 0 0 0 0 0 0 0 0 0 0 0 0 0 0 0 0 0 0 0 1 3 3 5 3 4 2 1 4 7 10 12 14 20 34 48 65 121 ]
1003300_canonical16,0.012445189,0.053633121,-2,2,3,7,30,30,300,10,2,5,3,0.25,0.35,0.7,0.5,1.00000000e-06,0.3,23.96094,"ADD( DIV( -0.335518,-1.604930 ),ADD( MUL( ADD( ADD( ADD( x2,x2 ),SQUARE( x0 ) ),SQUARE( ADD( x5,x0 ) ) ),SQUARE( SQUARE( SQUARE( 0.767993 ) ) ) ),SQUARE( SQUARE( DIV( -0.005520,-0.335518 ) ) ) ) )",[ 0 0 0 0 1 2 2 2 2 1 3 2 3 8 14 14 9 8 8 4 8 10 9 11 6 4 4 6 5 6 5 6 8 9 9 8 10 9 14 13 17 16 8 10 13 13 18 28 46 54 62 66 69 74 88 ]
1003_300_SB17,0.013002788,0.013519855,-2,2,3,7,30,30,300,10,2,5,3,0.25,0.35,0.7,0.5,1.00000000e-06,0.3,41.18875,"ADD( DIV( -0.335518,-1.506105 ),ADD( MUL( x0,x1 ),SQUARE( MUL( MUL( x2,x4 ),SUB( 0.186471,SQUARE( ADD( MUL( 0.647180,-1.811179 ),ADD( MUL( x0,x1 ),SQUARE( MUL( MUL( x0,x1 ),SUB( 0.186471,DIV( SQUARE( DIV( ADD( DIV( -0.335518,-1.506105 ),ADD( MUL( x0,x1 ),SQUARE( MUL( MUL( x2,x4 ),SUB( 0.186471,SQUARE( ADD( MUL( 0.647180,-1.698882 ),MUL( x1,ADD( DIV( -0.335518,-1.506105 ),ADD( MUL( x1,x1 ),SQUARE( MUL( MUL( x0,MUL( MUL( x0,SQUARE( MUL( DIV( MUL( MUL( x0,x4 ),SUB( x2,x5 ) ),-1.506105 ),x4 ) ) ),ADD( -1.506105,x0 ) ) ),ADD( DIV( DIV( -0.335518,-1.674985 ),-1.506105 ),ADD( MUL( x0,x1 ),SQUARE( MUL( MUL( x0,MUL( MUL( x0,x4 ),ADD( -1.215364,x0 ) ) ),SUB( 0.186471,x5 ) ) ) ) ) ) ) ) ) ) ) ) ) ) ) ) ),-1.604930 ) ),-0.665230 ) ) ) ) ) ) ) ) ) ) ) )",[ 0 0 0 0 1 2 2 2 2 1 3 3 2 1 3 3 3 4 6 6 10 7 7 5 7 7 10 18 33 32 34 34 32 31 30 33 31 38 34 32 39 45 50 67 90 124 171 195 204 213 233 214 212 230 228 211 206 213 ]
1004600_canonical18,0.013354827,0.01472635,-2,2,3,7,60,60,600,10,2,5,3,0.25,0.35,0.7,0.5,1.00000000e-06,0.3,111.66847,"ADD( ADD( x0,MUL( SUB( -0.842429,-0.814097 ),DIV( MUL( x6,x1 ),1.371309 ) ) ),MUL( SUB( ADD( DIV( MUL( MUL( -0.357722,x1 ),DIV( 0.337358,x0 ) ),DIV( x0,SUB( MUL( ADD( x0,x0 ),SQUARE( MUL( x0,x0 ) ) ),1.479858 ) ) ),SQUARE( MUL( SUB( x6,x0 ),1.479858 ) ) ),SUB( SUB( MUL( 1.505877,x0 ),SUB( SUB( x2,-0.157673 ),0.337358 ) ),SQUARE( MUL( SQUARE( -1.114313 ),MUL( x6,x1 ) ) ) ) ),MUL( x0,x0 ) ) )",[ 0 0 0 0 0 0 0 0 0 0 0 0 0 0 0 0 0 0 1 3 4 9 18 22 25 32 50 62 90 129 135 193 239 280 330 359 388 379 398 407 367 356 385 383 378 375 378 347 366 371 367 391 377 393 397 ]
1004_600_SB19,0.011928578,0.012413771,-2,2,3,7,60,60,600,10,2,5,3,0.25,0.35,0.7,0.5,1.00000000e-06,0.3,112.44037,"ADD( ADD( x0,MUL( SUB( x4,x0 ),MUL( SUB( 1.119712,0.929747 ),1.357126 ) ) ),MUL( SUB( ADD( x1,MUL( SUB( x6,x0 ),SUB( 1.119712,0.557299 ) ) ),x0 ),MUL( SUB( 1.119712,0.929747 ),ADD( x6,1.317420 ) ) ) )",[ 0 0 0 0 0 0 0 0 0 0 0 0 0 0 0 0 1 3 4 8 15 22 28 48 59 79 91 138 230 328 404 429 452 458 445 423 460 430 458 434 440 456 459 438 474 460 472 449 458 454 456 458 428 440 459 468 445 445 ]
1004450_canonical20,0.013057037,0.013917932,-2,2,3,7,45,45,450,10,2,5,3,0.25,0.35,0.7,0.5,1.00000000e-06,0.3,121.98818,"ADD( SUB( x3,MUL( SUB( ADD( ADD( x0,DIV( 1.923809,1.317420 ) ),ADD( MUL( -1.373976,ADD( MUL( x5,x0 ),x2 ) ),MUL( x1,x3 ) ) ),DIV( ADD( DIV( -1.084836,x0 ),MUL( SUB( ADD( ADD( x0,DIV( 1.923809,1.317420 ) ),ADD( MUL( -0.822503,ADD( MUL( x3,x3 ),x0 ) ),x0 ) ),DIV( DIV( MUL( SUB( ADD( x0,x1 ),SQUARE( x6 ) ),x3 ),MUL( x5,x5 ) ),SUB( ADD( 0.903845,-1.820080 ),ADD( x1,x4 ) ) ) ),SQUARE( MUL( x3,x3 ) ) ) ),x0 ) ),SQUARE( MUL( ADD( SUB( x0,0.740271 ),DIV( 0.499965,x1 ) ),SQUARE( MUL( x0,x3 ) ) ) ) ) ),MUL( MUL( DIV( -0.814995,x0 ),SUB( x0,x3 ) ),DIV( x0,ADD( -0.727913,-0.881282 ) ) ) )",[ 0 0 0 1 1 2 4 4 4 4 5 5 6 8 13 16 35 55 83 112 168 203 247 251 245 248 292 294 292 298 280 308 306 322 309 309 320 314 315 314 312 305 332 332 312 318 308 336 328 318 321 328 324 318 288 ]
1004_450_SB21,0.012964812,0.013807269,-2,2,3,7,45,45,450,10,2,5,3,0.25,0.35,0.7,0.5,1.00000000e-06,0.3,101.41024,"ADD( SUB( SUB( x3,DIV( x0,SQUARE( SUB( DIV( SQUARE( ADD( -1.121937,-0.881282 ) ),x0 ),SUB( x3,DIV( x0,SQUARE( SUB( DIV( DIV( DIV( -1.151089,-1.062545 ),ADD( x2,-0.881282 ) ),x0 ),MUL( 0.385857,DIV( -1.062545,x0 ) ) ) ) ) ) ) ) ) ),DIV( SUB( x3,DIV( ADD( x0,-0.881282 ),MUL( DIV( SQUARE( 1.461713 ),DIV( x1,-0.383302 ) ),x0 ) ) ),SQUARE( SUB( DIV( SQUARE( 1.461713 ),x0 ),MUL( SQUARE( x4 ),MUL( x3,-1.668672 ) ) ) ) ) ),MUL( MUL( DIV( -1.062545,x0 ),SUB( x0,x3 ) ),DIV( x0,ADD( -1.121937,-0.881282 ) ) ) )",[ 0 0 0 1 1 2 4 4 4 4 5 7 8 13 13 14 11 8 14 15 18 29 41 49 64 72 73 99 134 156 190 206 219 238 244 256 270 244 261 259 251 231 269 272 259 256 276 276 257 264 270 266 259 263 263 276 272 302 ]
1004300_canonical22,0.014868732,0.015094362,-2,2,3,7,30,30,300,10,2,5,3,0.25,0.35,0.7,0.5,1.00000000e-06,0.3,55.01557,"ADD( MUL( DIV( 0.909033,-1.622441 ),SQUARE( SQUARE( x0 ) ) ),ADD( MUL( DIV( ADD( MUL( DIV( 0.085471,-1.622441 ),ADD( SUB( x0,MUL( SUB( 0.958494,MUL( DIV( DIV( ADD( SUB( 0.958494,0.181379 ),DIV( -1.112430,1.371309 ) ),ADD( 0.961691,SUB( -1.220026,MUL( SQUARE( SUB( x0,MUL( DIV( DIV( ADD( SQUARE( SQUARE( x0 ) ),ADD( -1.648560,x6 ) ),ADD( SUB( -1.780189,-1.979460 ),SUB( ADD( SQUARE( SUB( SUB( -1.780189,-1.979460 ),x0 ) ),x0 ),x4 ) ) ),DIV( x0,-1.622441 ) ),SQUARE( SQUARE( SQUARE( SQUARE( MUL( DIV( x0,ADD( -1.648560,x4 ) ),SQUARE( SQUARE( x0 ) ) ) ) ) ) ) ) ) ),x4 ) ) ) ),-1.622441 ),SQUARE( -1.622441 ) ) ),ADD( x2,-0.527943 ) ) ),ADD( MUL( DIV( x0,-1.622441 ),SQUARE( SQUARE( x0 ) ) ),x0 ) ) ),SQUARE( SUB( x2,-0.157673 ) ) ),-1.622441 ),-0.161322 ),x0 ) )",[ 0 0 0 0 0 0 0 0 0 0 0 0 0 0 0 0 0 0 0 0 0 0 0 0 0 0 0 0 0 1 2 4 1 4 4 7 11 10 11 19 23 39 56 57 72 100 143 177 197 196 210 216 211 199 195 ]
1004_300_SB23,0.014799893,0.015581171,-2,2,3,7,30,30,300,10,2,5,3,0.25,0.35,0.7,0.5,1.00000000e-06,0.3,70.72066,"ADD( MUL( SQUARE( DIV( SUB( SUB( SUB( 0.201293,SQUARE( SQUARE( x0 ) ) ),DIV( x6,x0 ) ),ADD( MUL( DIV( SQUARE( SQUARE( SQUARE( x0 ) ) ),1.114213 ),ADD( SUB( ADD( 1.525685,1.114213 ),ADD( -1.206525,-0.653671 ) ),MUL( 1.525685,ADD( -1.288175,x6 ) ) ) ),DIV( x3,x0 ) ) ),ADD( SUB( ADD( 1.525685,1.114213 ),ADD( -1.206525,-0.653671 ) ),-1.288175 ) ) ),SQUARE( SQUARE( x5 ) ) ),SUB( x0,MUL( x0,SQUARE( SQUARE( x0 ) ) ) ) )",[ 0 0 0 0 0 0 0 0 0 0 0 0 0 0 0 0 0 0 0 0 0 0 0 0 0 0 0 0 0 2 2 3 3 6 13 26 42 60 78 100 126 171 163 169 170 185 212 210 221 218 197 204 195 192 200 195 191 198 ]
1005600_canonical24,0.012037952,0.012582613,-2,2,3,7,60,60,600,10,2,5,3,0.25,0.35,0.7,0.5,1.00000000e-06,0.3,122.42487,"ADD( MUL( SUB( ADD( DIV( SUB( x5,x6 ),DIV( DIV( x0,SUB( MUL( 0.775727,MUL( SUB( x0,x0 ),x4 ) ),-0.579865 ) ),x0 ) ),x6 ),x0 ),DIV( 0.775727,1.623506 ) ),ADD( DIV( MUL( 0.775727,MUL( SUB( x1,x0 ),x2 ) ),DIV( ADD( x0,x2 ),DIV( ADD( x1,0.775727 ),1.641299 ) ) ),x0 ) )",[ 0 0 0 0 0 0 1 2 4 4 4 4 5 4 9 13 17 29 33 32 46 56 72 99 114 119 148 167 215 278 312 352 368 392 401 389 411 398 418 415 396 428 427 431 454 485 469 481 493 489 453 464 446 448 453 ]
1005_600_SB25,0.011835268,0.012180212,-2,2,3,7,60,60,600,10,2,5,3,0.25,0.35,0.7,0.5,1.00000000e-06,0.3,111.6731,"ADD( DIV( MUL( 0.280026,MUL( SUB( ADD( DIV( MUL( 0.775727,MUL( SUB( x4,x6 ),ADD( x0,x0 ) ) ),ADD( x0,DIV( ADD( ADD( MUL( x6,x0 ),MUL( x0,MUL( 1.338907,x6 ) ) ),x0 ),1.158212 ) ) ),x6 ),x0 ),x0 ) ),x0 ),DIV( ADD( x0,MUL( DIV( x1,x0 ),DIV( x0,ADD( x0,1.094165 ) ) ) ),1.657837 ) )",[ 0 0 0 0 0 0 1 2 4 4 4 4 5 4 8 12 13 17 26 28 27 40 63 80 85 89 122 139 180 226 278 321 349 366 419 420 432 421 413 413 429 412 440 443 418 420 409 413 409 420 437 413 410 393 394 408 391 404 ]
1005450_canonical26,0.011730338,0.012441672,-2,2,3,7,45,45,450,10,2,5,3,0.25,0.35,0.7,0.5,1.00000000e-06,0.3,115.69802,"MUL( DIV( SUB( ADD( SUB( SQUARE( ADD( SUB( ADD( -1.128465,0.881228 ),SQUARE( x0 ) ),DIV( DIV( SUB( ADD( -1.128465,0.881228 ),SQUARE( MUL( x0,0.827454 ) ) ),-0.985017 ),MUL( 1.600465,1.016316 ) ) ) ),DIV( SQUARE( ADD( x2,x5 ) ),DIV( DIV( SUB( ADD( -1.128465,0.881228 ),SQUARE( MUL( x0,0.827454 ) ) ),-0.985017 ),MUL( 1.600465,1.016316 ) ) ) ),DIV( x0,DIV( DIV( SUB( ADD( SUB( MUL( x0,x0 ),x0 ),MUL( 0.525080,-0.985017 ) ),SQUARE( MUL( -1.873436,ADD( x0,1.094165 ) ) ) ),SUB( DIV( SQUARE( x0 ),1.016316 ),SQUARE( SQUARE( ADD( -0.799336,DIV( x0,DIV( DIV( SUB( ADD( -1.128465,0.881228 ),SQUARE( x2 ) ),-0.985017 ),DIV( ADD( MUL( SUB( ADD( -1.128465,0.881228 ),SQUARE( x0 ) ),DIV( SQUARE( ADD( x3,x5 ) ),DIV( DIV( SUB( ADD( -1.128465,0.881228 ),SQUARE( x0 ) ),-0.985017 ),MUL( 1.016316,1.016316 ) ) ) ),SUB( 0.827948,x4 ) ),SUB( ADD( 1.759056,1.599622 ),ADD( x1,ADD( DIV( -0.778496,x1 ),DIV( x6,-1.621310 ) ) ) ) ) ) ) ) ) ) ) ),x0 ) ) ),SQUARE( MUL( -1.873436,ADD( x0,1.094165 ) ) ) ),SUB( ADD( MUL( SQUARE( -1.723371 ),SUB( x1,x2 ) ),MUL( DIV( 0.950286,x0 ),SUB( x4,0.581966 ) ) ),SQUARE( SQUARE( ADD( 0.827948,1.193574 ) ) ) ) ),SQUARE( -0.799336 ) )",[ 0 0 0 0 0 0 0 0 0 0 1 2 4 8 12 13 16 23 20 26 29 31 35 30 30 35 52 56 65 75 82 87 104 123 120 148 182 221 210 233 254 257 253 265 278 265 270 258 260 267 280 285 284 286 309 ]
1005_450_SB27,0.011868768,0.012816698,-2,2,3,7,45,45,450,10,2,5,3,0.25,0.35,0.7,0.5,1.00000000e-06,0.3,162.63376,"MUL( DIV( SUB( ADD( ADD( SUB( SUB( 0.757176,x0 ),ADD( x2,x5 ) ),ADD( SUB( 0.064121,x3 ),MUL( MUL( x0,0.827948 ),x0 ) ) ),ADD( SUB( 0.064121,x3 ),MUL( 0.452111,x0 ) ) ),SQUARE( MUL( -1.873436,ADD( x0,1.094165 ) ) ) ),SUB( DIV( SQUARE( ADD( x2,x5 ) ),DIV( DIV( SUB( ADD( -1.128465,0.881228 ),SQUARE( DIV( SUB( SUB( ADD( ADD( x1,0.881228 ),SQUARE( x2 ) ),SQUARE( SQUARE( 0.064121 ) ) ),SQUARE( MUL( -1.873436,ADD( x0,1.094165 ) ) ) ),SUB( DIV( SQUARE( ADD( x2,x5 ) ),DIV( DIV( -0.799336,-0.985017 ),ADD( ADD( x2,x0 ),x5 ) ) ),SQUARE( SQUARE( ADD( 0.827948,1.193574 ) ) ) ) ) ) ),-0.985017 ),MUL( 1.600465,1.016316 ) ) ),SQUARE( SQUARE( ADD( 0.827948,1.193574 ) ) ) ) ),SQUARE( -0.799336 ) )",[ 0 0 0 0 0 0 0 0 0 0 1 2 4 8 12 11 11 15 12 17 21 26 28 33 39 50 70 77 100 103 105 130 152 154 194 213 236 240 268 281 285 295 296 291 267 292 270 284 264 283 278 288 295 305 314 295 309 299 ]
1005300_canonical28,0.012877646,0.016099296,-2,2,3,7,30,30,300,10,2,5,3,0.25,0.35,0.7,0.5,1.00000000e-06,0.3,59.967,"SUB( ADD( MUL( x1,1.424566 ),DIV( SUB( x0,DIV( MUL( MUL( x0,-0.223950 ),SQUARE( x0 ) ),MUL( DIV( 1.887995,ADD( DIV( MUL( -2.190461,SQUARE( SQUARE( x1 ) ) ),SQUARE( MUL( DIV( x0,x1 ),x1 ) ) ),DIV( x0,ADD( SUB( ADD( MUL( x0,1.424566 ),x0 ),x0 ),MUL( DIV( x0,ADD( x0,1.727945 ) ),ADD( -1.903683,SQUARE( x0 ) ) ) ) ) ) ),SQUARE( ADD( x2,MUL( DIV( x0,MUL( ADD( SQUARE( ADD( x2,MUL( x1,x5 ) ) ),-0.060807 ),ADD( x0,SQUARE( MUL( -0.223950,x0 ) ) ) ) ),x0 ) ) ) ) ) ),ADD( x0,1.319051 ) ) ),x1 )",[ 0 0 1 1 3 7 3 5 4 7 4 5 7 8 10 11 10 7 5 3 5 4 5 8 11 10 12 15 12 15 17 30 37 47 60 74 67 72 93 105 108 122 160 151 156 148 160 157 151 156 162 159 174 173 185 ]
1005_300_SB29,0.012483344,0.013606463,-2,2,3,7,30,30,300,10,2,5,3,0.25,0.35,0.7,0.5,1.00000000e-06,0.3,58.75477,"SUB( SUB( ADD( MUL( x1,1.424566 ),DIV( x0,1.966514 ) ),x1 ),MUL( SUB( SUB( x0,MUL( x0,DIV( DIV( ADD( -0.494710,x4 ),ADD( 1.966514,x1 ) ),DIV( x0,ADD( DIV( x0,DIV( 0.978494,ADD( ADD( -0.223950,x0 ),x0 ) ) ),1.047354 ) ) ) ) ),0.510875 ),MUL( x4,0.657257 ) ) )",[ 0 0 1 1 3 7 3 5 4 7 4 4 5 5 10 11 6 4 4 9 7 6 6 12 15 20 26 30 32 27 36 38 50 65 89 98 107 118 123 142 168 180 192 201 188 203 210 200 190 198 206 188 210 202 234 215 220 223 ]
1001750_canonical0,0.012820442,0.01373181,-2,2,3,7,75,75,750,10,2,5,3,0.25,0.35,0.7,0.5,1.00000000e-06,0.3,181.83183,"SUB( 0.824568,SUB( ADD( SUB( SQUARE( DIV( SQUARE( x1 ),ADD( x0,x4 ) ) ),MUL( SQUARE( MUL( -0.022122,SUB( ADD( SUB( SUB( x1,MUL( x2,-1.681490 ) ),MUL( MUL( SQUARE( SQUARE( x1 ) ),DIV( DIV( SUB( x0,x0 ),SQUARE( DIV( SUB( x0,x0 ),SQUARE( ADD( DIV( -0.160649,x6 ),0.439101 ) ) ) ) ),MUL( 0.809503,x0 ) ) ),DIV( SQUARE( ADD( x1,x0 ) ),SQUARE( x0 ) ) ) ),ADD( 0.488402,-0.160649 ) ),SUB( x1,x4 ) ) ) ),DIV( SQUARE( ADD( DIV( x0,-0.160649 ),x0 ) ),DIV( SQUARE( x1 ),x0 ) ) ) ),ADD( 0.488402,-0.160649 ) ),SUB( x1,0.439101 ) ) )",[ 0 0 0 0 0 0 0 1 1 3 5 11 12 21 32 43 53 58 71 88 124 162 210 256 309 378 431 463 481 486 481 474 474 490 504 525 541 539 541 565 546 520 524 498 493 521 510 496 515 505 515 532 540 543 524 ]
1001_750_SB1,0.012203881,0.013017091,-2,2,3,7,75,75,750,10,2,5,3,0.25,0.35,0.7,0.5,1.00000000e-06,0.3,322.68777,"SUB( 0.824568,SUB( ADD( SUB( SQUARE( DIV( DIV( SQUARE( x1 ),SUB( x3,-0.703382 ) ),SUB( SQUARE( x1 ),-0.521848 ) ) ),MUL( SQUARE( MUL( SUB( ADD( SUB( SQUARE( SQUARE( MUL( SQUARE( MUL( -0.326340,SUB( SQUARE( DIV( SQUARE( 0.498411 ),SUB( x3,-0.521848 ) ) ),MUL( SQUARE( MUL( SQUARE( MUL( -0.022122,x3 ) ),x3 ) ),DIV( SQUARE( SQUARE( x1 ) ),0.753921 ) ) ) ) ),x3 ) ) ),MUL( SQUARE( MUL( SQUARE( x0 ),x3 ) ),DIV( SQUARE( ADD( 0.488402,-0.160649 ) ),x3 ) ) ),x0 ),SUB( x1,0.439101 ) ),x2 ) ),DIV( SUB( ADD( SUB( SQUARE( DIV( SQUARE( SQUARE( MUL( SQUARE( MUL( -0.326340,SUB( SQUARE( DIV( SQUARE( 0.498411 ),SUB( x3,-0.521848 ) ) ),MUL( SQUARE( MUL( SQUARE( MUL( -0.022122,x3 ) ),x3 ) ),DIV( SQUARE( SQUARE( x1 ) ),0.753921 ) ) ) ) ),x3 ) ) ),SUB( x3,-0.521848 ) ) ),MUL( SQUARE( MUL( SQUARE( MUL( -0.022122,x3 ) ),x3 ) ),DIV( SUB( SQUARE( SQUARE( MUL( 0.824568,x3 ) ) ),MUL( SQUARE( MUL( -0.022122,x2 ) ),DIV( SQUARE( x1 ),x0 ) ) ),SUB( 0.824568,SUB( ADD( SUB( SUB( SUB( MUL( SQUARE( MUL( SUB( ADD( SUB( SQUARE( DIV( SQUARE( x1 ),SUB( x3,-0.521848 ) ) ),MUL( SQUARE( MUL( x0,x3 ) ),SUB( x1,0.439101 ) ) ),x0 ),SUB( x1,0.439101 ) ),-0.521848 ) ),DIV( SQUARE( x0 ),x1 ) ),x5 ),SQUARE( x0 ) ),MUL( SQUARE( x1 ),x1 ) ),ADD( 0.488402,-0.160649 ) ),SUB( x1,0.439101 ) ) ) ) ) ),x0 ),SUB( x1,0.439101 ) ),x0 ) ) ),ADD( 0.488402,-0.160649 ) ),SUB( x1,0.488402 ) ) )",[ 0 0 0 0 0 0 0 1 1 3 5 11 11 29 36 42 48 78 130 202 284 374 426 452 477 507 512 529 548 515 500 499 516 511 507 535 546 552 573 606 591 594 568 570 567 564 560 583 631 613 593 599 593 559 541 549 567 563 ]
1002750_canonical2,0.012153301,0.012822168,-2,2,3,7,75,75,750,10,2,5,3,0.25,0.35,0.7,0.5,1.00000000e-06,0.3,177.89941,"MUL( ADD( DIV( ADD( SUB( MUL( MUL( x4,-1.281954 ),ADD( 1.520484,x4 ) ),DIV( ADD( ADD( MUL( MUL( x0,SQUARE( SQUARE( 0.956852 ) ) ),ADD( DIV( ADD( SUB( MUL( MUL( x4,-1.281954 ),ADD( 1.520484,x4 ) ),DIV( ADD( x0,x6 ),SUB( x4,1.765576 ) ) ),SQUARE( SUB( SUB( ADD( ADD( SQUARE( SUB( SUB( x2,1.483487 ),SUB( -0.219693,x5 ) ) ),MUL( MUL( 1.646744,-0.608059 ),MUL( x1,SQUARE( x3 ) ) ) ),x4 ),1.483487 ),SUB( -0.219693,x5 ) ) ) ),SUB( DIV( DIV( 1.330517,SUB( x2,1.483487 ) ),MUL( ADD( x0,x6 ),ADD( DIV( x6,SQUARE( SUB( SUB( x2,1.483487 ),SUB( SQUARE( x0 ),MUL( x5,SQUARE( 0.956852 ) ) ) ) ) ),DIV( 0.230010,-1.749363 ) ) ) ),SUB( SUB( SQUARE( 1.026316 ),MUL( x1,ADD( SQUARE( 1.040772 ),SQUARE( x0 ) ) ) ),DIV( DIV( x2,-1.100299 ),SQUARE( x6 ) ) ) ) ),ADD( 0.275551,MUL( MUL( x0,SQUARE( 0.956852 ) ),x3 ) ) ) ),MUL( MUL( x0,SQUARE( SQUARE( 0.956852 ) ) ),ADD( DIV( ADD( SUB( MUL( MUL( x4,-1.281954 ),SUB( SQUARE( 1.026316 ),MUL( x1,ADD( x1,MUL( MUL( x0,SQUARE( 0.956852 ) ),x3 ) ) ) ) ),DIV( ADD( x0,x6 ),SUB( x4,1.765576 ) ) ),SQUARE( SUB( SUB( x2,1.483487 ),SUB( -0.219693,x5 ) ) ) ),SUB( DIV( DIV( 1.330517,-0.113289 ),MUL( ADD( x0,x6 ),ADD( DIV( x6,SQUARE( SUB( SUB( x2,1.483487 ),SUB( SQUARE( x0 ),MUL( x5,SQUARE( 0.956852 ) ) ) ) ) ),DIV( DIV( x6,x2 ),ADD( DIV( x6,x2 ),DIV( 0.230010,-1.749363 ) ) ) ) ) ),SUB( SUB( SQUARE( 1.026316 ),MUL( x1,ADD( x1,SQUARE( x0 ) ) ) ),DIV( DIV( x2,-1.100299 ),SQUARE( x6 ) ) ) ) ),ADD( 0.275551,MUL( SQUARE( 0.956852 ),x3 ) ) ) ) ),x4 ),SUB( x0,1.765576 ) ) ),SQUARE( SUB( SUB( x2,1.483487 ),SUB( -0.219693,x5 ) ) ) ),SUB( DIV( DIV( 1.330517,-0.113289 ),SQUARE( 1.026316 ) ),SQUARE( x0 ) ) ),ADD( 0.275551,MUL( MUL( x0,SQUARE( 0.956852 ) ),x3 ) ) ),SQUARE( 0.956852 ) )",[ 0 0 0 0 0 0 1 1 1 3 8 12 14 18 25 32 21 27 30 37 33 34 43 38 42 46 49 73 102 156 229 331 413 496 514 504 495 508 518 495 540 537 527 517 501 510 522 497 506 498 494 493 498 515 554 ]
1002_750_SB3,0.012913979,0.013656952,-2,2,3,7,75,75,750,10,2,5,3,0.25,0.35,0.7,0.5,1.00000000e-06,0.3,169.20451,"ADD( DIV( 1.523190,SUB( DIV( DIV( ADD( x0,0.807064 ),MUL( 0.096865,-0.113289 ) ),SUB( ADD( x0,ADD( MUL( -0.979938,x5 ),DIV( 0.754317,x5 ) ) ),MUL( x1,SUB( ADD( 0.002649,x1 ),DIV( -0.836977,x0 ) ) ) ) ),SUB( SUB( SQUARE( -1.518579 ),SQUARE( MUL( x2,x0 ) ) ),SQUARE( MUL( x6,ADD( x0,x1 ) ) ) ) ) ),ADD( 0.275551,MUL( MUL( MUL( x0,SQUARE( 0.956852 ) ),SQUARE( 0.956852 ) ),x3 ) ) )",[ 0 0 0 0 0 0 1 1 1 3 8 12 14 18 25 32 21 27 30 37 33 34 43 48 51 55 62 76 85 130 190 280 379 468 467 486 496 493 515 485 501 499 495 521 525 525 519 518 522 531 528 514 506 517 563 537 511 513 ]
1003750_canonical4,0.012405397,0.015638278,-2,2,3,7,75,75,750,10,2,5,3,0.25,0.35,0.7,0.5,1.00000000e-06,0.3,72.03252,"MUL( SQUARE( DIV( SQUARE( 0.454963 ),SUB( 0.975590,1.651486 ) ) ),SUB( MUL( MUL( x2,1.877213 ),MUL( 0.640757,1.964609 ) ),DIV( ADD( x0,x1 ),ADD( 0.427747,-0.670408 ) ) ) )",[ 0 0 0 1 2 7 12 7 8 9 12 10 9 13 9 7 12 7 10 12 15 10 14 13 9 5 7 14 13 17 22 23 26 40 44 58 54 54 45 41 45 47 60 67 77 94 116 141 187 209 269 309 332 354 364 ]
1003_750_SB5,0.012317939,0.013615525,-2,2,3,7,75,75,750,10,2,5,3,0.25,0.35,0.7,0.5,1.00000000e-06,0.3,86.5094,"MUL( SQUARE( DIV( SQUARE( 0.453668 ),SUB( 0.975590,1.651486 ) ) ),SUB( MUL( ADD( 0.223007,x5 ),1.651486 ),DIV( ADD( x0,x1 ),ADD( 0.427747,-0.670408 ) ) ) )",[ 0 0 0 1 2 7 12 7 8 9 12 10 9 13 9 7 12 7 10 12 15 10 14 15 21 26 24 31 25 26 25 29 24 25 23 26 35 49 62 60 70 87 86 113 131 134 166 214 238 297 344 404 430 454 478 485 508 492 ]
1004750_canonical6,0.011837562,0.012900163,-2,2,3,7,75,75,750,10,2,5,3,0.25,0.35,0.7,0.5,1.00000000e-06,0.3,122.15235,"DIV( ADD( SUB( SUB( 0.384595,x0 ),ADD( 0.619691,x5 ) ),MUL( SUB( x6,x0 ),ADD( MUL( 0.903845,MUL( x4,-0.026019 ) ),MUL( -1.112430,MUL( x2,x6 ) ) ) ) ),SUB( SUB( DIV( -1.112430,1.371309 ),SQUARE( 1.324138 ) ),SUB( x5,x1 ) ) )",[ 0 0 0 1 3 4 9 12 15 14 6 3 12 6 10 6 13 18 15 18 22 24 31 40 54 72 94 103 127 130 164 193 213 258 285 319 341 413 415 449 432 453 449 466 465 462 473 479 496 502 484 511 479 482 466 ]
1004_750_SB7,0.012001781,0.012352961,-2,2,3,7,75,75,750,10,2,5,3,0.25,0.35,0.7,0.5,1.00000000e-06,0.3,124.774,"ADD( MUL( SUB( x1,ADD( MUL( SUB( x0,0.929747 ),MUL( SQUARE( x0 ),MUL( SUB( 0.852342,ADD( MUL( SUB( 0.572151,0.852342 ),MUL( ADD( x0,SQUARE( x0 ) ),SQUARE( MUL( SUB( x0,0.929747 ),x0 ) ) ) ),x0 ) ),MUL( x0,SQUARE( x0 ) ) ) ) ),ADD( MUL( SUB( 0.505734,0.929747 ),SUB( 0.505734,x4 ) ),x0 ) ) ),SQUARE( 0.505734 ) ),ADD( MUL( SUB( x0,0.929747 ),MUL( SQUARE( x0 ),MUL( SQUARE( x0 ),ADD( MUL( SUB( 0.505734,0.929747 ),SUB( x0,x4 ) ),x0 ) ) ) ),ADD( MUL( SUB( 0.505734,0.929747 ),SUB( x0,x4 ) ),x0 ) ) )",[ 0 0 0 1 3 4 9 12 15 14 6 6 12 15 13 14 14 19 27 29 27 27 26 31 39 45 53 70 100 156 211 294 379 446 470 519 525 532 507 514 546 550 558 544 576 594 605 613 634 632 627 631 630 638 652 633 626 638 ]
1005750_canonical8,0.011849221,0.012134521,-2,2,3,7,75,75,750,10,2,5,3,0.25,0.35,0.7,0.5,1.00000000e-06,0.3,258.88913,"SUB( MUL( SQUARE( SUB( SQUARE( DIV( ADD( x1,SQUARE( SUB( SQUARE( DIV( ADD( SUB( x2,x3 ),ADD( x0,-1.661051 ) ),-1.913571 ) ),-0.778573 ) ) ),SUB( MUL( x0,SQUARE( DIV( ADD( SUB( x2,SUB( SQUARE( DIV( ADD( 1.094165,x6 ),SUB( MUL( SQUARE( SQUARE( x0 ) ),ADD( SUB( x2,1.137718 ),SUB( MUL( SQUARE( SUB( SQUARE( DIV( ADD( SUB( -0.235369,ADD( x0,-1.661051 ) ),x2 ),ADD( x0,-1.661051 ) ) ),-0.778573 ) ),x1 ),MUL( 1.999627,-1.913571 ) ) ) ),MUL( x3,-1.913571 ) ) ) ),MUL( SQUARE( -1.913571 ),MUL( x0,x2 ) ) ) ),ADD( x3,x0 ) ),SUB( SUB( x6,MUL( x3,x2 ) ),MUL( 1.999627,-1.913571 ) ) ) ) ),MUL( 1.999627,-1.913571 ) ) ) ),-0.778573 ) ),MUL( x0,x2 ) ),-0.235369 )",[ 0 0 0 1 2 4 5 9 21 20 35 45 68 90 119 169 206 259 314 380 446 495 486 506 504 512 523 534 530 538 539 549 536 535 535 582 585 574 566 540 517 518 494 522 491 473 500 511 526 544 552 579 574 588 572 ]
1005_750_SB9,0.011842057,0.012264512,-2,2,3,7,75,75,750,10,2,5,3,0.25,0.35,0.7,0.5,1.00000000e-06,0.3,341.52437,"SUB( MUL( SQUARE( SUB( SQUARE( DIV( ADD( 1.094165,x6 ),SUB( SUB( SUB( SQUARE( DIV( ADD( MUL( 1.999627,-2.250097 ),ADD( x3,-1.661051 ) ),SUB( SUB( x6,MUL( MUL( -0.235369,x2 ),DIV( MUL( SQUARE( x1 ),SQUARE( SQUARE( DIV( SQUARE( ADD( SUB( SQUARE( SQUARE( SQUARE( SUB( SQUARE( -0.235369 ),-0.778573 ) ) ) ),-0.778573 ),x2 ) ),SUB( SUB( SUB( x6,MUL( ADD( SQUARE( 1.881518 ),-1.661051 ),DIV( MUL( SQUARE( x1 ),SQUARE( x0 ) ),MUL( 0.497485,x4 ) ) ) ),0.517320 ),MUL( SQUARE( SUB( -1.795285,-1.626154 ) ),-2.250097 ) ) ) ) ) ),MUL( 0.497485,SUB( SUB( MUL( SQUARE( x1 ),SQUARE( -1.913571 ) ),SUB( -1.661051,-0.235369 ) ),MUL( 1.999627,-1.913571 ) ) ) ) ) ),MUL( 2.447965,-1.913571 ) ) ) ),MUL( -1.583948,DIV( MUL( SQUARE( x1 ),SQUARE( x0 ) ),MUL( SQUARE( SUB( SQUARE( DIV( ADD( 1.094165,-0.778573 ),SUB( SUB( x1,x3 ),MUL( 1.999627,-1.913571 ) ) ) ),-0.778573 ) ),x4 ) ) ) ),SUB( SQUARE( DIV( SUB( SQUARE( 1.881518 ),DIV( x0,x3 ) ),SUB( SQUARE( SUB( SQUARE( x3 ),-0.778573 ) ),MUL( 1.999627,-1.913571 ) ) ) ),-0.778573 ) ),MUL( 1.999627,-1.913571 ) ) ) ),-0.778573 ) ),MUL( x1,x0 ) ),-0.235369 )",[ 0 0 0 1 2 4 5 9 21 20 35 54 73 86 107 150 183 221 259 318 354 409 456 482 503 517 534 521 510 494 525 528 527 553 599 619 620 634 606 598 607 606 587 619 626 608 610 581 573 605 599 624 601 612 616 606 603 619 ]
1001150_canonical0,0.015806689,0.015806689,-2,2,3,7,15,15,150,10,2,5,3,0.25,0.35,0.7,0.5,1.00000000e-06,0.3,10.53627,x0,[ 0 0 0 0 0 0 0 0 0 0 0 0 0 0 0 0 0 0 0 0 0 0 0 0 0 0 0 0 0 0 0 0 0 0 0 0 0 0 0 0 0 0 0 0 0 0 0 0 0 0 0 0 0 0 0 ]
1001_150_SB1,0.015806689,0.015806689,-2,2,3,7,15,15,150,10,2,5,3,0.25,0.35,0.7,0.5,1.00000000e-06,0.3,11.30076,x0,[ 0 0 0 0 0 0 0 0 0 0 0 0 0 0 0 0 0 0 0 0 0 0 0 0 0 0 0 0 0 0 0 0 0 0 0 0 0 0 0 0 0 0 0 0 0 0 0 0 0 0 0 0 0 0 0 0 0 0 ]
1002150_canonical2,0.011175897,0.011331401,-2,2,3,7,15,15,150,10,2,5,3,0.25,0.35,0.7,0.5,1.00000000e-06,0.3,47.24608,"SUB( x0,DIV( DIV( ADD( MUL( -0.169582,ADD( x2,x1 ) ),SUB( SQUARE( x0 ),SQUARE( SUB( SQUARE( 0.756662 ),0.756662 ) ) ) ),SUB( SQUARE( SUB( SQUARE( 0.756662 ),x6 ) ),MUL( SUB( -1.856438,-1.524177 ),ADD( x0,SUB( x1,DIV( -1.524177,SUB( SQUARE( SUB( -1.524177,x1 ) ),MUL( SUB( -1.856438,DIV( ADD( MUL( -0.169582,-1.524177 ),SQUARE( SUB( SQUARE( 0.756662 ),x2 ) ) ),SUB( SQUARE( SQUARE( SUB( -1.524177,x0 ) ) ),x6 ) ) ),ADD( 0.620800,x2 ) ) ) ) ) ) ) ) ),SUB( SQUARE( SUB( -1.524177,x0 ) ),x0 ) ) )",[ 0 0 0 0 0 0 0 1 1 2 3 3 3 6 7 7 6 5 5 5 6 6 5 5 4 6 9 14 19 22 32 55 67 80 77 86 91 77 95 103 110 108 117 114 118 98 102 103 111 97 102 102 103 98 108 ]
1002_150_SB3,0.010895474,0.011604442,-2,2,3,7,15,15,150,10,2,5,3,0.25,0.35,0.7,0.5,1.00000000e-06,0.3,88.93346,"SUB( x2,DIV( DIV( ADD( MUL( -0.169582,ADD( x0,x3 ) ),DIV( ADD( MUL( SUB( SUB( x2,1.483487 ),SUB( -0.219693,ADD( MUL( DIV( ADD( x2,DIV( ADD( MUL( x2,-0.354800 ),SUB( x3,SQUARE( SUB( 0.409439,x0 ) ) ) ),SUB( SQUARE( SUB( -1.524177,x0 ) ),MUL( DIV( SQUARE( SUB( -1.524177,x0 ) ),-1.566660 ),SUB( -2.141160,-0.431979 ) ) ) ) ),SUB( SUB( -0.219693,x5 ),MUL( SUB( -1.856438,DIV( ADD( MUL( SUB( ADD( 0.620800,x5 ),SUB( -0.219693,ADD( MUL( DIV( x0,SUB( SQUARE( SUB( -1.524177,x0 ) ),MUL( SUB( -1.856438,-0.431979 ),ADD( x5,x0 ) ) ) ),ADD( 0.620800,x5 ) ),SUB( 1.009082,SQUARE( SUB( 0.409439,x6 ) ) ) ) ) ),ADD( 0.620800,x5 ) ),SUB( x3,ADD( SUB( SUB( x2,1.483487 ),SUB( -0.219693,ADD( MUL( DIV( x2,SUB( SQUARE( SUB( -1.524177,x0 ) ),MUL( SUB( -1.856438,-0.431979 ),ADD( x5,x0 ) ) ) ),x0 ),SUB( 1.009082,SQUARE( SUB( 0.409439,x6 ) ) ) ) ) ),x0 ) ) ),SUB( SQUARE( SUB( -1.524177,x0 ) ),MUL( DIV( -0.519307,-1.566660 ),SUB( -2.141160,-0.431979 ) ) ) ) ),ADD( 0.859466,x0 ) ) ) ),ADD( 0.620800,x5 ) ),SUB( 1.009082,SQUARE( SUB( 0.409439,x6 ) ) ) ) ) ),ADD( 0.620800,x5 ) ),SUB( x3,SQUARE( SUB( 0.409439,x6 ) ) ) ),SUB( SQUARE( SUB( -1.524177,x0 ) ),MUL( DIV( -0.794188,-0.794188 ),ADD( DIV( -0.519307,-1.566660 ),x2 ) ) ) ) ),SUB( SQUARE( 1.483487 ),MUL( SUB( -1.856438,-0.431979 ),ADD( x5,SUB( -0.354800,x5 ) ) ) ) ),0.620800 ) )",[ 0 0 0 0 0 0 0 1 1 2 3 1 4 4 2 4 3 3 3 3 3 2 2 2 2 1 1 2 4 2 1 3 4 8 15 29 50 81 84 89 97 104 104 97 114 110 109 111 128 108 119 101 112 115 110 111 113 112 ]
1003150_canonical4,0.015806689,0.064437773,-2,2,3,7,15,15,150,10,2,5,3,0.25,0.35,0.7,0.5,1.00000000e-06,0.3,6.82622,x0,[ 0 0 0 0 0 0 0 0 0 0 0 0 0 0 0 0 0 0 0 0 0 0 0 0 0 0 0 0 0 0 0 0 0 0 0 0 0 0 0 0 0 0 0 0 0 0 0 0 0 0 0 0 0 0 0 ]
1003_150_SB5,0.015806689,0.11282099,-2,2,3,7,15,15,150,10,2,5,3,0.25,0.35,0.7,0.5,1.00000000e-06,0.3,8.01923,x0,[ 0 0 0 0 0 0 0 0 0 0 0 0 0 0 0 0 0 0 0 0 0 0 0 0 0 0 0 0 0 0 0 0 0 0 0 0 0 0 0 0 0 0 0 0 0 0 0 0 0 0 0 0 0 0 0 0 0 0 ]
1004150_canonical6,0.015806689,0.015806689,-2,2,3,7,15,15,150,10,2,5,3,0.25,0.35,0.7,0.5,1.00000000e-06,0.3,14.69685,x0,[ 0 0 0 0 0 0 0 0 0 0 0 0 0 0 0 0 0 0 0 0 0 0 0 0 0 0 0 0 0 0 0 0 0 0 0 0 0 0 0 0 0 0 0 0 0 0 0 0 0 0 0 0 0 0 0 ]
1004_150_SB7,0.015806689,0.015806689,-2,2,3,7,15,15,150,10,2,5,3,0.25,0.35,0.7,0.5,1.00000000e-06,0.3,15.20427,x0,[ 0 0 0 0 0 0 0 0 0 0 0 0 0 0 0 0 0 0 0 0 0 0 0 0 0 0 0 0 0 0 0 0 0 0 0 0 0 0 0 0 0 0 0 0 0 0 0 0 0 0 0 0 0 0 0 0 0 0 ]
1005150_canonical8,0.015502358,0.075061864,-2,2,3,7,15,15,150,10,2,5,3,0.25,0.35,0.7,0.5,1.00000000e-06,0.3,11.45121,"MUL( 0.489599,MUL( 1.972256,x0 ) )",[ 0 0 0 0 0 0 0 0 0 0 0 0 0 0 0 0 0 0 0 0 0 0 0 0 0 0 0 0 0 0 0 0 0 0 0 0 0 0 0 0 0 0 0 0 0 0 0 0 0 0 0 0 0 0 0 ]
1005_150_SB9,0.015502358,0.064437773,-2,2,3,7,15,15,150,10,2,5,3,0.25,0.35,0.7,0.5,1.00000000e-06,0.3,9.16994,"MUL( x0,MUL( DIV( 0.489599,x0 ),MUL( 1.972256,x0 ) ) )",[ 0 0 0 0 0 0 0 0 0 0 0 0 0 0 0 0 0 0 0 0 0 0 0 0 0 0 0 0 0 0 0 0 0 0 0 0 0 0 0 0 0 0 0 0 0 0 0 0 0 0 0 0 0 0 0 0 0 0 ]
